Unit: $/MW,2021.0,2022.0,2023.0,2024.0,2025.0,2026.0,2027.0,2028.0,2029.0,2030.0,2031.0,2032.0,2033.0,2034.0,2035.0,2036.0,2037.0,2038.0,2039.0,2040.0,2041.0,2042.0,2043.0,2044.0,2045.0,2046.0,2047.0,2048.0,2049.0,2050.0
Hard Coal (NOT USED),99999.0,99999.0,99999.0,99999.0,99999.0,99999.0,99999.0,99999.0,99999.0,99999.0,99999.0,99999.0,99999.0,99999.0,99999.0,99999.0,99999.0,99999.0,99999.0,99999.0,99999.0,99999.0,99999.0,99999.0,99999.0,99999.0,99999.0,99999.0,99999.0,99999.0
Natural Gas Steam Turbine (NOT USED),99999.0,99999.0,99999.0,99999.0,99999.0,99999.0,99999.0,99999.0,99999.0,99999.0,99999.0,99999.0,99999.0,99999.0,99999.0,99999.0,99999.0,99999.0,99999.0,99999.0,99999.0,99999.0,99999.0,99999.0,99999.0,99999.0,99999.0,99999.0,99999.0,99999.0
Natural Gas Combined Cycle (NOT USED),99999.0,99999.0,99999.0,99999.0,99999.0,99999.0,99999.0,99999.0,99999.0,99999.0,99999.0,99999.0,99999.0,99999.0,99999.0,99999.0,99999.0,99999.0,99999.0,99999.0,99999.0,99999.0,99999.0,99999.0,99999.0,99999.0,99999.0,99999.0,99999.0,99999.0
Nuclear (NOT USED),99999.0,99999.0,99999.0,99999.0,99999.0,99999.0,99999.0,99999.0,99999.0,99999.0,99999.0,99999.0,99999.0,99999.0,99999.0,99999.0,99999.0,99999.0,99999.0,99999.0,99999.0,99999.0,99999.0,99999.0,99999.0,99999.0,99999.0,99999.0,99999.0,99999.0
Hydro (NOT USED),99999.0,99999.0,99999.0,99999.0,99999.0,99999.0,99999.0,99999.0,99999.0,99999.0,99999.0,99999.0,99999.0,99999.0,99999.0,99999.0,99999.0,99999.0,99999.0,99999.0,99999.0,99999.0,99999.0,99999.0,99999.0,99999.0,99999.0,99999.0,99999.0,99999.0
Onshore Wind (NOT USED),99999.0,99999.0,99999.0,99999.0,99999.0,99999.0,99999.0,99999.0,99999.0,99999.0,99999.0,99999.0,99999.0,99999.0,99999.0,99999.0,99999.0,99999.0,99999.0,99999.0,99999.0,99999.0,99999.0,99999.0,99999.0,99999.0,99999.0,99999.0,99999.0,99999.0
Solar PV (NOT USED),99999.0,99999.0,99999.0,99999.0,99999.0,99999.0,99999.0,99999.0,99999.0,99999.0,99999.0,99999.0,99999.0,99999.0,99999.0,99999.0,99999.0,99999.0,99999.0,99999.0,99999.0,99999.0,99999.0,99999.0,99999.0,99999.0,99999.0,99999.0,99999.0,99999.0
Solar Thermal (NOT USED),99999.0,99999.0,99999.0,99999.0,99999.0,99999.0,99999.0,99999.0,99999.0,99999.0,99999.0,99999.0,99999.0,99999.0,99999.0,99999.0,99999.0,99999.0,99999.0,99999.0,99999.0,99999.0,99999.0,99999.0,99999.0,99999.0,99999.0,99999.0,99999.0,99999.0
Biomass (NOT USED),99999.0,99999.0,99999.0,99999.0,99999.0,99999.0,99999.0,99999.0,99999.0,99999.0,99999.0,99999.0,99999.0,99999.0,99999.0,99999.0,99999.0,99999.0,99999.0,99999.0,99999.0,99999.0,99999.0,99999.0,99999.0,99999.0,99999.0,99999.0,99999.0,99999.0
Geothermal (NOT USED),99999.0,99999.0,99999.0,99999.0,99999.0,99999.0,99999.0,99999.0,99999.0,99999.0,99999.0,99999.0,99999.0,99999.0,99999.0,99999.0,99999.0,99999.0,99999.0,99999.0,99999.0,99999.0,99999.0,99999.0,99999.0,99999.0,99999.0,99999.0,99999.0,99999.0
Petroleum (NOT USED),99999.0,99999.0,99999.0,99999.0,99999.0,99999.0,99999.0,99999.0,99999.0,99999.0,99999.0,99999.0,99999.0,99999.0,99999.0,99999.0,99999.0,99999.0,99999.0,99999.0,99999.0,99999.0,99999.0,99999.0,99999.0,99999.0,99999.0,99999.0,99999.0,99999.0
Natural Gas Peaker (NOT USED),99999.0,99999.0,99999.0,99999.0,99999.0,99999.0,99999.0,99999.0,99999.0,99999.0,99999.0,99999.0,99999.0,99999.0,99999.0,99999.0,99999.0,99999.0,99999.0,99999.0,99999.0,99999.0,99999.0,99999.0,99999.0,99999.0,99999.0,99999.0,99999.0,99999.0
Lignite (NOT USED),99999.0,99999.0,99999.0,99999.0,99999.0,99999.0,99999.0,99999.0,99999.0,99999.0,99999.0,99999.0,99999.0,99999.0,99999.0,99999.0,99999.0,99999.0,99999.0,99999.0,99999.0,99999.0,99999.0,99999.0,99999.0,99999.0,99999.0,99999.0,99999.0,99999.0
Offshore Wind (NOT USED),99999.0,99999.0,99999.0,99999.0,99999.0,99999.0,99999.0,99999.0,99999.0,99999.0,99999.0,99999.0,99999.0,99999.0,99999.0,99999.0,99999.0,99999.0,99999.0,99999.0,99999.0,99999.0,99999.0,99999.0,99999.0,99999.0,99999.0,99999.0,99999.0,99999.0
Crude Oil (NOT USED),99999.0,99999.0,99999.0,99999.0,99999.0,99999.0,99999.0,99999.0,99999.0,99999.0,99999.0,99999.0,99999.0,99999.0,99999.0,99999.0,99999.0,99999.0,99999.0,99999.0,99999.0,99999.0,99999.0,99999.0,99999.0,99999.0,99999.0,99999.0,99999.0,99999.0
Heavy or Residual Fuel Oil (NOT USED),99999.0,99999.0,99999.0,99999.0,99999.0,99999.0,99999.0,99999.0,99999.0,99999.0,99999.0,99999.0,99999.0,99999.0,99999.0,99999.0,99999.0,99999.0,99999.0,99999.0,99999.0,99999.0,99999.0,99999.0,99999.0,99999.0,99999.0,99999.0,99999.0,99999.0
Municipal Solid Waste (NOT USED),99999.0,99999.0,99999.0,99999.0,99999.0,99999.0,99999.0,99999.0,99999.0,99999.0,99999.0,99999.0,99999.0,99999.0,99999.0,99999.0,99999.0,99999.0,99999.0,99999.0,99999.0,99999.0,99999.0,99999.0,99999.0,99999.0,99999.0,99999.0,99999.0,99999.0
hard coal w CCS,2208700.0,2281830.0,2236470.0,2191200.0,2145840.0,2100580.0,2055310.0,2009950.0,1964690.0,1919330.0,1874060.0,1828700.0,1738080.0,1692810.0,1692810.0,1674200.0,1655590.0,1637080.0,1618470.0,1599860.0,1581250.0,1562640.0,1544130.0,1525520.0,1506910.0,1488300.0,1469690.0,1451170.0,1432570.0,1413960.0
natural gas combined cycle w CCS,1072470.0,1107130.0,1084230.0,1061230.0,1038240.0,1015250.0,992257.0,969264.0,946272.0,923279.0,900287.0,877382.0,854390.0,831397.0,808405.0,799138.0,789871.0,780604.0,771425.0,762158.0,752891.0,743624.0,734357.0,725090.0,715911.0,706644.0,697377.0,688110.0,678843.0,669576.0
biomass w CCS,2208700.0,2281830.0,2236470.0,2191200.0,2145840.0,2100580.0,2055310.0,2009950.0,1964690.0,1919330.0,1874060.0,1828700.0,1738080.0,1692810.0,1692810.0,1674200.0,1655590.0,1637080.0,1618470.0,1599860.0,1581250.0,1562640.0,1544130.0,1525520.0,1506910.0,1488300.0,1469690.0,1451170.0,1432570.0,1413960.0
lignite w CCS,2208700.0,2281830.0,2236470.0,2191200.0,2145840.0,2100580.0,2055310.0,2009950.0,1964690.0,1919330.0,1874060.0,1828700.0,1738080.0,1692810.0,1692810.0,1674200.0,1655590.0,1637080.0,1618470.0,1599860.0,1581250.0,1562640.0,1544130.0,1525520.0,1506910.0,1488300.0,1469690.0,1451170.0,1432570.0,1413960.0
small modular reactor (NOT USED),99999.0,99999.0,99999.0,99999.0,99999.0,99999.0,99999.0,99999.0,99999.0,99999.0,99999.0,99999.0,99999.0,99999.0,99999.0,99999.0,99999.0,99999.0,99999.0,99999.0,99999.0,99999.0,99999.0,99999.0,99999.0,99999.0,99999.0,99999.0,99999.0,99999.0
hydrogen combustion turbine (NOT USED),99999.0,99999.0,99999.0,99999.0,99999.0,99999.0,99999.0,99999.0,99999.0,99999.0,99999.0,99999.0,99999.0,99999.0,99999.0,99999.0,99999.0,99999.0,99999.0,99999.0,99999.0,99999.0,99999.0,99999.0,99999.0,99999.0,99999.0,99999.0,99999.0,99999.0
hydrogen combined cycle (NOT USED),99999.0,99999.0,99999.0,99999.0,99999.0,99999.0,99999.0,99999.0,99999.0,99999.0,99999.0,99999.0,99999.0,99999.0,99999.0,99999.0,99999.0,99999.0,99999.0,99999.0,99999.0,99999.0,99999.0,99999.0,99999.0,99999.0,99999.0,99999.0,99999.0,99999.0
