Imported Electricity (MW*hour),2020.0,2021.0,2022.0,2023.0,2024.0,2025.0,2026.0,2027.0,2028.0,2029.0,2030.0,2031.0,2032.0,2033.0,2034.0,2035.0,2036.0,2037.0,2038.0,2039.0,2040.0,2041.0,2042.0,2043.0,2044.0,2045.0,2046.0,2047.0,2048.0,2049.0,2050.0
hard coal,9969140.0,9969140.0,9969140.0,10181100.0,8300100.0,8228140.0,7788840.0,7635850.0,5555080.0,5350190.0,4865240.0,4865240.0,4865240.0,4865240.0,4865240.0,4865240.0,4865240.0,4865240.0,4865240.0,4865240.0,4865240.0,4865240.0,4865240.0,4865240.0,4865240.0,4865240.0,4865240.0,4865240.0,4865240.0,4865240.0,4865240.0
natural gas steam turbine,18400800.0,18400800.0,18400800.0,15040900.0,16132700.0,15253000.0,14701200.0,13175600.0,10207900.0,8936150.0,6499770.0,6499770.0,6499770.0,6499770.0,6499770.0,6499770.0,6499770.0,6499770.0,6499770.0,6499770.0,6499770.0,6499770.0,6499770.0,6499770.0,6499770.0,6499770.0,6499770.0,6499770.0,6499770.0,6499770.0,6499770.0
natural gas combined cycle,0.0,0.0,0.0,0.0,0.0,0.0,0.0,0.0,0.0,0.0,0.0,0.0,0.0,0.0,0.0,0.0,0.0,0.0,0.0,0.0,0.0,0.0,0.0,0.0,0.0,0.0,0.0,0.0,0.0,0.0,0.0
nuclear,3136980.0,3136980.0,3136980.0,3547180.0,3413020.0,3485270.0,3440040.0,3489790.0,3340730.0,3212190.0,3221190.0,3221190.0,3221190.0,3221190.0,3221190.0,3221190.0,3221190.0,3221190.0,3221190.0,3221190.0,3221190.0,3221190.0,3221190.0,3221190.0,3221190.0,3221190.0,3221190.0,3221190.0,3221190.0,3221190.0,3221190.0
hydro,17395800.0,17395800.0,17395800.0,18570900.0,18511700.0,19214600.0,19525200.0,19734500.0,21168200.0,21035500.0,21802000.0,21802000.0,21802000.0,21802000.0,21802000.0,21802000.0,21802000.0,21802000.0,21802000.0,21802000.0,21802000.0,21802000.0,21802000.0,21802000.0,21802000.0,21802000.0,21802000.0,21802000.0,21802000.0,21802000.0,21802000.0
onshore wind,5175670.0,5175670.0,5175670.0,5711590.0,5756150.0,5874240.0,6028820.0,6243830.0,6881110.0,7002190.0,7150480.0,7150480.0,7150480.0,7150480.0,7150480.0,7150480.0,7150480.0,7150480.0,7150480.0,7150480.0,7150480.0,7150480.0,7150480.0,7150480.0,7150480.0,7150480.0,7150480.0,7150480.0,7150480.0,7150480.0,7150480.0
solar PV,4442310.0,4442310.0,4442310.0,5382560.0,6482590.0,6979240.0,7538480.0,7980840.0,10866600.0,12588100.0,14470900.0,14470900.0,14470900.0,14470900.0,14470900.0,14470900.0,14470900.0,14470900.0,14470900.0,14470900.0,14470900.0,14470900.0,14470900.0,14470900.0,14470900.0,14470900.0,14470900.0,14470900.0,14470900.0,14470900.0,14470900.0
solar thermal,0.0,0.0,0.0,0.0,0.0,0.0,0.0,0.0,0.0,0.0,0.0,0.0,0.0,0.0,0.0,0.0,0.0,0.0,0.0,0.0,0.0,0.0,0.0,0.0,0.0,0.0,0.0,0.0,0.0,0.0,0.0
biomass,140356.0,140356.0,140356.0,134419.0,135473.0,135268.0,137959.0,137268.0,136317.0,123139.0,124487.0,124487.0,124487.0,124487.0,124487.0,124487.0,124487.0,124487.0,124487.0,124487.0,124487.0,124487.0,124487.0,124487.0,124487.0,124487.0,124487.0,124487.0,124487.0,124487.0,124487.0
geothermal,591126.0,591126.0,591126.0,656933.0,604584.0,613519.0,622970.0,1395650.0,1639840.0,1561210.0,1713750.0,1713750.0,1713750.0,1713750.0,1713750.0,1713750.0,1713750.0,1713750.0,1713750.0,1713750.0,1713750.0,1713750.0,1713750.0,1713750.0,1713750.0,1713750.0,1713750.0,1713750.0,1713750.0,1713750.0,1713750.0
petroleum,217501.0,217501.0,217501.0,244121.0,133330.0,134507.0,134252.0,124533.0,122029.0,109095.0,69931.9,69931.9,69931.9,69931.9,69931.9,69931.9,69931.9,69931.9,69931.9,69931.9,69931.9,69931.9,69931.9,69931.9,69931.9,69931.9,69931.9,69931.9,69931.9,69931.9,69931.9
natural gas peaker,0.0,0.0,0.0,0.0,0.0,0.0,0.0,0.0,0.0,0.0,0.0,0.0,0.0,0.0,0.0,0.0,0.0,0.0,0.0,0.0,0.0,0.0,0.0,0.0,0.0,0.0,0.0,0.0,0.0,0.0,0.0
lignite,0.0,0.0,0.0,0.0,0.0,0.0,0.0,0.0,0.0,0.0,0.0,0.0,0.0,0.0,0.0,0.0,0.0,0.0,0.0,0.0,0.0,0.0,0.0,0.0,0.0,0.0,0.0,0.0,0.0,0.0,0.0
offshore wind,0.0,0.0,0.0,0.0,0.0,0.0,0.0,0.0,0.0,0.0,0.0,0.0,0.0,0.0,0.0,0.0,0.0,0.0,0.0,0.0,0.0,0.0,0.0,0.0,0.0,0.0,0.0,0.0,0.0,0.0,0.0
crude oil,0.0,0.0,0.0,0.0,0.0,0.0,0.0,0.0,0.0,0.0,0.0,0.0,0.0,0.0,0.0,0.0,0.0,0.0,0.0,0.0,0.0,0.0,0.0,0.0,0.0,0.0,0.0,0.0,0.0,0.0,0.0
heavy or residual fuel oil,0.0,0.0,0.0,0.0,0.0,0.0,0.0,0.0,0.0,0.0,0.0,0.0,0.0,0.0,0.0,0.0,0.0,0.0,0.0,0.0,0.0,0.0,0.0,0.0,0.0,0.0,0.0,0.0,0.0,0.0,0.0
municipal solid waste,0.0,0.0,0.0,0.0,0.0,0.0,0.0,0.0,0.0,0.0,0.0,0.0,0.0,0.0,0.0,0.0,0.0,0.0,0.0,0.0,0.0,0.0,0.0,0.0,0.0,0.0,0.0,0.0,0.0,0.0,0.0
hard coal w CCS,0.0,0.0,0.0,0.0,0.0,0.0,0.0,0.0,0.0,0.0,0.0,0.0,0.0,0.0,0.0,0.0,0.0,0.0,0.0,0.0,0.0,0.0,0.0,0.0,0.0,0.0,0.0,0.0,0.0,0.0,0.0
natural gas combined cycle w CCS,0.0,0.0,0.0,0.0,0.0,0.0,0.0,0.0,0.0,0.0,0.0,0.0,0.0,0.0,0.0,0.0,0.0,0.0,0.0,0.0,0.0,0.0,0.0,0.0,0.0,0.0,0.0,0.0,0.0,0.0,0.0
biomass w CCS,0.0,0.0,0.0,0.0,0.0,0.0,0.0,0.0,0.0,0.0,0.0,0.0,0.0,0.0,0.0,0.0,0.0,0.0,0.0,0.0,0.0,0.0,0.0,0.0,0.0,0.0,0.0,0.0,0.0,0.0,0.0
lignite w CCS,0.0,0.0,0.0,0.0,0.0,0.0,0.0,0.0,0.0,0.0,0.0,0.0,0.0,0.0,0.0,0.0,0.0,0.0,0.0,0.0,0.0,0.0,0.0,0.0,0.0,0.0,0.0,0.0,0.0,0.0,0.0
small modular reactor,0.0,0.0,0.0,0.0,0.0,0.0,0.0,0.0,0.0,0.0,0.0,0.0,0.0,0.0,0.0,0.0,0.0,0.0,0.0,0.0,0.0,0.0,0.0,0.0,0.0,0.0,0.0,0.0,0.0,0.0,0.0
hydrogen combustion turbine,0.0,0.0,0.0,0.0,0.0,0.0,0.0,0.0,0.0,0.0,0.0,0.0,0.0,0.0,0.0,0.0,0.0,0.0,0.0,0.0,0.0,0.0,0.0,0.0,0.0,0.0,0.0,0.0,0.0,0.0,0.0
hydrogen combined cycle,0.0,0.0,0.0,0.0,0.0,0.0,0.0,0.0,0.0,0.0,0.0,0.0,0.0,0.0,0.0,0.0,0.0,0.0,0.0,0.0,0.0,0.0,0.0,0.0,0.0,0.0,0.0,0.0,0.0,0.0,0.0
,,,,,,,,,,,,,,,,,,,,,,,,,,,,,,,
,,,,,,,,,,,,,,,,,,,,,,,,,,,,,,,
,,,,,,,,,,,,,,,,,,,,,,,,,,,,,,,
