Unit: incidents / ton pollutant,2024.0,2025.0,2026.0,2027.0,2028.0,2029.0,2030.0,2031.0,2032.0,2033.0,2034.0,2035.0,2036.0,2037.0,2038.0,2039.0,2040.0,2041.0,2042.0,2043.0,2044.0,2045.0,2046.0,2047.0,2048.0,2049.0,2050.0
Premature mortality,0.0982485,0.0994721,0.100696,0.101919,0.103143,0.105523,0.107903,0.109475,0.111047,0.112618,0.11419,0.115762,0.116986,0.118211,0.119435,0.12066,0.121884,0.122546,0.123207,0.123868,0.124529,0.12519,0.125327,0.125463,0.1256,0.125736,0.125873
Infant mortality,0.00021366,0.0002118,0.000209939,0.000208079,0.000206219,0.000137019,6.78191e-05,6.73677e-05,6.69163e-05,6.64649e-05,6.60135e-05,6.55621e-05,6.52741e-05,6.4986e-05,6.4698e-05,6.44099e-05,6.41219e-05,6.37676e-05,6.34134e-05,6.30591e-05,6.27049e-05,6.23506e-05,6.1972e-05,6.15934e-05,6.12149e-05,6.08363e-05,6.04577e-05
Asthma symptoms albuturol use,5.92793,5.9876,6.04726,6.10693,6.1666,6.23595,6.30531,6.35522,6.40513,6.45504,6.50495,6.55486,6.57539,6.59591,6.61643,6.63696,6.65748,6.68225,6.70703,6.7318,6.75658,6.78135,6.80868,6.836,6.86333,6.89066,6.91798
Asthma symptoms chest tightness,0.0,0.0,0.0,0.0,0.0,0.0,0.0,0.0,0.0,0.0,0.0,0.0,0.0,0.0,0.0,0.0,0.0,0.0,0.0,0.0,0.0,0.0,0.0,0.0,0.0,0.0,0.0
Asthma symptoms cough,0.318747,0.318747,0.318747,0.318747,0.318747,0.318747,0.318747,0.318747,0.318747,0.318747,0.318747,0.318747,0.318747,0.318747,0.318747,0.318747,0.318747,0.318747,0.318747,0.318747,0.318747,0.318747,0.318747,0.318747,0.318747,0.318747,0.318747
Asthma symptoms shortness of breath,0.429142,0.429142,0.429142,0.429142,0.429142,0.429142,0.429142,0.429142,0.429142,0.429142,0.429142,0.429142,0.429142,0.429142,0.429142,0.429142,0.429142,0.429142,0.429142,0.429142,0.429142,0.429142,0.429142,0.429142,0.429142,0.429142,0.429142
Asthma symptoms wheeze,0.656004,0.656004,0.656004,0.656004,0.656004,0.656004,0.656004,0.656004,0.656004,0.656004,0.656004,0.656004,0.656004,0.656004,0.656004,0.656004,0.656004,0.656004,0.656004,0.656004,0.656004,0.656004,0.656004,0.656004,0.656004,0.656004,0.656004
Asthma incidence,0.0321104,0.0323174,0.0325244,0.0327314,0.0329383,0.0331232,0.033308,0.0334595,0.033611,0.0337625,0.0339141,0.0340656,0.0342054,0.0343452,0.034485,0.0346248,0.0347646,0.0348984,0.0350322,0.035166,0.0352998,0.0354336,0.0355568,0.03568,0.0358032,0.0359264,0.0360496
Hay fever rhinitis incidence,0.204352,0.206204,0.208055,0.209907,0.211758,0.213767,0.215776,0.217282,0.218788,0.220294,0.221801,0.223307,0.224065,0.224824,0.225582,0.22634,0.227099,0.22796,0.228821,0.229681,0.230542,0.231403,0.232302,0.233202,0.234101,0.235,0.235899
Respiratory emergency room visits,0.00950512,0.0095944,0.00968368,0.00977296,0.00986224,0.00995426,0.0100463,0.0101323,0.0102183,0.0103043,0.0103903,0.0104763,0.0105484,0.0106204,0.0106925,0.0107645,0.0108366,0.0108981,0.0109597,0.0110213,0.0110829,0.0111444,0.0112019,0.0112593,0.0113168,0.0113742,0.0114317
Respiratory hospital admissions,0.00824214,0.00828894,0.00833573,0.00838253,0.00842932,0.00847992,0.00853051,0.00857851,0.0086265,0.0086745,0.00872249,0.00877049,0.00880443,0.00883838,0.00887232,0.00890627,0.00894022,0.00897223,0.00900425,0.00903627,0.00906828,0.0091003,0.00913113,0.00916196,0.00919278,0.00922361,0.00925444
Non-fatal heart attacks,0.0265027,0.0272742,0.0280457,0.0288172,0.0295887,0.0303171,0.0310454,0.0316336,0.0322217,0.0328099,0.033398,0.0339862,0.0343665,0.0347467,0.035127,0.0355073,0.0358875,0.0360906,0.0362938,0.0364969,0.0367,0.0369031,0.0370598,0.0372166,0.0373733,0.0375301,0.0376868
Minor restricted activity days,41.6347,41.7366,41.8386,41.9406,42.0426,42.1922,42.3419,42.5962,42.8504,43.1047,43.359,43.6132,43.9606,44.3079,44.6552,45.0026,45.3499,45.7006,46.0513,46.402,46.7527,47.1033,47.4081,47.7128,48.0175,48.3222,48.627
Work loss days,7.08628,7.10825,7.13022,7.15219,7.17416,7.20285,7.23153,7.27353,7.31553,7.35753,7.39953,7.44154,7.49454,7.54754,7.60054,7.65354,7.70654,7.76531,7.82408,7.88285,7.94162,8.00039,8.05261,8.10483,8.15706,8.20928,8.26151
Lung cancer incidence,0.000887521,0.000904856,0.00092219,0.000939524,0.000956858,0.000975246,0.000993633,0.00101332,0.00103301,0.0010527,0.00107239,0.00109208,0.00110871,0.00112534,0.00114196,0.00115859,0.00117522,0.00118375,0.00119229,0.00120082,0.00120936,0.00121789,0.00122211,0.00122633,0.00123055,0.00123476,0.00123898
Cardiovascular hospital admissions,0.00925656,0.00953343,0.0098103,0.0100872,0.010364,0.0106294,0.0108948,0.0111226,0.0113504,0.0115783,0.0118061,0.0120339,0.0121861,0.0123383,0.0124905,0.0126427,0.0127949,0.0128764,0.012958,0.0130395,0.0131211,0.0132026,0.0132586,0.0133146,0.0133706,0.0134266,0.0134826
Alzheimers disease hospital admissions,0.00620142,0.00640364,0.00660586,0.00680808,0.0070103,0.007225,0.0074397,0.00765501,0.00787031,0.00808562,0.00830093,0.00851624,0.00867137,0.0088265,0.00898163,0.00913676,0.00929189,0.00936788,0.00944386,0.00951985,0.00959583,0.00967182,0.00969606,0.0097203,0.00974454,0.00976878,0.00979302
Parkinsons disease hospital admissions,0.000828143,0.000849709,0.000871274,0.00089284,0.000914405,0.000932468,0.000950531,0.00096244,0.000974349,0.000986258,0.000998167,0.00101008,0.001016,0.00102192,0.00102785,0.00103377,0.00103969,0.00104322,0.00104674,0.00105026,0.00105379,0.00105731,0.00106241,0.00106751,0.00107262,0.00107772,0.00108282
Stroke incidence,0.000760595,0.00078066,0.000800725,0.00082079,0.000840855,0.00085745,0.000874045,0.000884335,0.000894625,0.000904916,0.000915206,0.000925496,0.000930419,0.000935342,0.000940266,0.000945189,0.000950113,0.000952874,0.000955636,0.000958397,0.000961159,0.000963921,0.000968718,0.000973515,0.000978313,0.00098311,0.000987907
Out of hospital cardiac arrest incidence,0.000180692,0.000183369,0.000186046,0.000188723,0.0001914,0.000193916,0.000196431,0.000198417,0.000200403,0.000202389,0.000204375,0.000206361,0.000207732,0.000209103,0.000210474,0.000211845,0.000213216,0.000214317,0.000215418,0.000216518,0.000217619,0.00021872,0.000219934,0.000221147,0.000222361,0.000223575,0.000224789
Cardiac emergency room visits,0.00387565,0.00394659,0.00401753,0.00408847,0.00415941,0.00422896,0.00429851,0.00436604,0.00443358,0.00450111,0.00456864,0.00463618,0.00469049,0.00474481,0.00479913,0.00485344,0.00490776,0.00494577,0.00498378,0.0050218,0.00505981,0.00509782,0.00512654,0.00515525,0.00518396,0.00521268,0.00524139
School loss days,0.0,0.0,0.0,0.0,0.0,0.0,0.0,0.0,0.0,0.0,0.0,0.0,0.0,0.0,0.0,0.0,0.0,0.0,0.0,0.0,0.0,0.0,0.0,0.0,0.0,0.0,0.0
,,,,,,,,,,,,,,,,,,,,,,,,,,,
Data for lookup functions (based on sheet name),,,,,,,,,,,,,,,,,,,,,,,,,,,
sector pollutant,Industry PM25,,,,,,,,,,,,,,,,,,,,,,,,,,
